[{"id":"cda16088-f684-433b-a5f0-25bb41069075","path":"/init.ipynb"},{"id":"26842ad6-40ff-4bd5-b168-9cdcf5dc46b9","path":"/notebook.ipynb"},{"id":"5f60ba80-c69c-4ef9-8a53-d720b21ea9a0","path":"/Project.ipynb"},{"id":"ecd89225-f4a4-404d-901e-79d1ad8991cb","path":"/Pistachio_28_Features_Dataset.xlsx"},{"id":"e07233ea-2c82-4401-8884-afe09e84ef1c","path":"/SFWCost_hiddenUnit_32.txt"},{"id":"15adb8ea-0043-4f55-9f96-a377528a587b","path":"/SFWCost_hiddenUnit_64.txt"},{"id":"5a0fea39-9e82-4f55-b5af-89e0bc40a6bb","path":"/SFWCost_hiddenUnit_128.txt"},{"id":"7052251b-a992-4a7b-bb0c-58853fb01d74","path":"/SFWtime_epoch_50.txt"},{"id":"468a7b9d-d989-4e94-8232-7d3e87854a66","path":"/SFWSUM_epoch_50.txt"},{"id":"71381a21-05be-45b1-ace6-7a6eeae4e2e2","path":"/SFWCost_epoch_50.txt"},{"id":"fa8aa5d0-d419-4e87-bb12-b863bb6e6770","path":"/SFWCost_epoch_100.txt"},{"id":"4e875465-1b84-4029-9b67-42c64a31ad5d","path":"/SFWCost_epoch_200.txt"},{"id":"2cb36375-cf8b-4fb2-8038-169509d3b93b","path":"/SFWCost_batch_32.txt"},{"id":"6ad33f4a-916c-4841-b7eb-4a716be5b8bc","path":"/SFWtime_epoch_200.txt"},{"id":"409a139a-2601-436d-a70e-fd32298e9d39","path":"/SFWSUM_epoch_200.txt"},{"id":"66a91146-c121-41cf-a635-ad0481804720","path":"/SFWtime_batch_32.txt"},{"id":"0318dd41-a5b8-444f-bcd9-45fa163e701c","path":"/Project_Updated.ipynb"},{"id":"98d98978-3efb-48a0-b1b0-c7ff2e9713c2","path":"/Project_Updated-2.ipynb"}]